fold,signals_total,signals_filtered,total_trades,win_rate,net_pnl,expectancy,max_drawdown
1,756,6,6,0.3333333333333333,29.826618763950634,4.971103127325101,-0.005011001692253968
