{
  "strategy": "Reversed Hybrid (Optimized)",
  "tp_mult": 3.0,
  "sl_mult": 1.0,
  "conf_mode": "percentile",
  "conf_threshold": 0.09620963037014008,
  "avg_conf_threshold": 0.09620963037014008,
  "conf_percentile": 0.98,
  "risk_per_trade": 0.005,
  "n_folds": 1,
  "avg_signals_filtered": 12.0,
  "avg_total_trades": 12.0,
  "avg_win_rate": 0.6666666666666666,
  "avg_expectancy": 61.79580889718194,
  "avg_max_drawdown": -0.010066731837332555,
  "total_pnl": 741.5497067661834,
  "positive_folds": 1,
  "negative_folds": 0
}