{
  "total_trades": 5659,
  "net_pnl": 8284.6910661598,
  "win_rate": 0.36296165400247393,
  "avg_win": 37.29249723964936,
  "avg_loss": -18.949819213337022,
  "expectancy": 1.4639849913694682,
  "max_drawdown": -0.6034677087863164
}