{
  "start_equity": 10000.0,
  "final_equity": 18284.691066159787,
  "net_pnl": 8284.691066159787,
  "months": 1166
}