{
  "n_folds": 20,
  "avg_signals_kept_pct": 6.7896174863387975,
  "avg_total_trades": 24.75,
  "avg_win_rate": 0.3151864449203868,
  "avg_expectancy": -0.438154781228809,
  "avg_max_drawdown": -0.0028181512136350754,
  "total_pnl": -207.98369286251102
}