{
  "n_folds": 20,
  "avg_precision_long": 0.22757650270582216,
  "avg_precision_short": 0.07121148391558767,
  "avg_recall_long": 0.08885159383966196,
  "avg_recall_short": 0.17174399584395159,
  "avg_win_rate": 0.28816841925455094,
  "avg_max_drawdown": -0.005521963704587093,
  "total_pnl": -873.1236829175812
}