{
  "folds": 44,
  "precision_long_mean": 0.29508347990844275,
  "precision_short_mean": 0.25139394878173354
}