{
  "folds": 44,
  "precision_long_mean": 0.28454020468453656,
  "precision_short_mean": 0.24564943260280592
}