{
  "total_trades": 5301,
  "net_pnl": 6627.729212885711,
  "win_rate": 0.35823429541595925,
  "avg_win": 150.69605594967774,
  "avg_loss": -82.17051176823996,
  "expectancy": 1.2502790441210436,
  "max_drawdown": -0.2406289601834981
}