{
  "total_trades": 5659,
  "net_pnl": 18115.264463097024,
  "win_rate": 0.36296165400247393,
  "avg_win": 156.4116071792393,
  "avg_loss": -84.09269810903203,
  "expectancy": 3.2011423331148663,
  "max_drawdown": -0.14151003036779208
}