sizing_method,risk_level,n_folds,avg_total_trades,avg_win_rate,avg_expectancy,total_pnl
fixed,0.005,20,19.0,0.27813241136191685,1.2792053246776964,469.6728457301394
fixed,0.01,20,19.0,0.27813241136191685,1.2792053246776964,469.6728457301394
fixed,0.015,20,19.0,0.27813241136191685,1.2792053246776964,469.6728457301394
fixed,0.02,20,19.0,0.27813241136191685,1.2792053246776964,469.6728457301394
confidence_weighted,0.005,20,19.05,0.0,-3.1191509339639003,-1919.4286925452088
confidence_weighted,0.01,20,19.05,0.0,-3.1191509339639003,-1919.4286925452088
confidence_weighted,0.015,20,19.05,0.0,-3.1191509339639003,-1919.4286925452088
confidence_weighted,0.02,20,19.05,0.0,-3.1191509339639003,-1919.4286925452088
