{
  "baseline": {
    "pnl": -3893.722923109981,
    "cagr": -0.5125662466596181,
    "sharpe": -0.16658459647404025,
    "win_rate": 0.27986108239963614,
    "trades": 24187,
    "max_dd": -115.86535013142264
  },
  "optimized": {
    "pnl": 53320.64237348454,
    "cagr": 1.9413700093772857,
    "sharpe": 0.8378865520510156,
    "win_rate": 0.2046967379170629,
    "trades": 24187,
    "max_dd": -33.338749804637466
  },
  "improvement_pct": 1469.400017063784
}