{
  "baseline": {
    "pnl": -3893.722923109981,
    "cagr": -0.5125662466596181,
    "sharpe": -0.16658459647404025,
    "win_rate": 0.27986108239963614,
    "trades": 24187,
    "max_dd": -115.86535013142264
  },
  "optimized": {
    "pnl": 72348.19244867125,
    "cagr": 2.220793097375884,
    "sharpe": 0.674585419617315,
    "win_rate": 0.3239343448960185,
    "trades": 24187,
    "max_dd": -50.43011662977008
  },
  "improvement_pct": 1958.0724380584727
}