{
  "best_trial_number": 58,
  "best_value": 0.8378865520510156,
  "best_params": {
    "tp_mult": 5.0,
    "sl_mult": 0.75,
    "risk_per_trade": 0.02,
    "fast_ma": 30,
    "slow_ma": 90
  },
  "best_metrics": {
    "final_pnl": 53320.64237348454,
    "cagr": 1.9413700093772857,
    "sharpe": 0.8378865520510156,
    "win_rate": 0.2046967379170629,
    "num_trades": 24187,
    "max_dd": -33.338749804637466
  },
  "optimization_metric": "sharpe",
  "timestamp": "2026-01-01T13:08:09.575191"
}