{
  "n_folds": 10,
  "avg_total_trades": 42.9,
  "avg_win_rate": 0.2629993531901088,
  "avg_expectancy": -8.477452783196378,
  "avg_max_drawdown": -0.06661311118944882,
  "total_pnl": -4260.0517925641725,
  "best_fold_pnl": 505.50668439592636,
  "worst_fold_pnl": -1254.3882502999422
}