{
  "tp": 3.5,
  "sl": 1.25,
  "total_pnl": -370.1205759729685,
  "avg_expectancy": -33.53080657550292,
  "avg_trades": 0.6,
  "avg_win_rate": 0.1
}