{
  "n_folds": 20,
  "avg_precision_long": 0.2709757305670034,
  "avg_precision_short": 0.23783291613074398,
  "avg_recall_long": 0.27810168872823043,
  "avg_recall_short": 0.27775081920221356,
  "avg_win_rate": 0.3293012847542632,
  "avg_expectancy": -2.988292143192685,
  "avg_max_drawdown": -0.032796825783095285,
  "total_pnl": -2659.169825269498
}