{
  "n_folds": 20,
  "avg_filtered_signals": 14.85,
  "avg_total_trades": 14.85,
  "avg_win_rate": 0.15708333333333332,
  "avg_expectancy": -1.5037345478329116,
  "avg_max_drawdown": -0.0023826426260151476,
  "total_pnl": -279.54072619667005,
  "base_tp_mult": 3.5,
  "base_sl_mult": 1.0
}