{
  "tp_mult": 3.0,
  "sl_mult": 1.0,
  "conf_threshold": 0.4,
  "avg_expectancy": 0.14260061066918023,
  "total_pnl": -32.599579868126646,
  "avg_win_rate": 0.27813241136191685
}