Method,1_month,2_months,6_months,1_year,2_years,5_years,10_years
baseline,-37.300357378386764,-49.8606156799239,-3.487094885957198,-24.98380027711561,97.25629705186418,2.317665050887463,14.320469891545828
consensus,-22.67545295479303,-45.37348030092819,-12.18792602254275,-10.153960493381131,9.766239300388712,6.744747133718687,8.155878379488858
weighted,-39.819688269336886,-68.38681596797245,-22.235696190068253,-8.10656351317699,28.833485471716756,7.759812990119341,0.0
strict,3.1834224708841674,-20.181710401119368,7.085055985296451,4.245075175900137,15.93263271872296,5.30200059069883,3.763893927681372
