Method,1_month,2_months,6_months,1_year,2_years,5_years,10_years
baseline,-3.8154268249670915,-10.86878374566567,-1.759018167547411,-24.98380027711561,289.10046726613285,12.138076823915114,281.2764739646761
consensus,-2.1201905091720756,-9.586366664753202,-6.2919032433924365,-10.153960493381133,20.48627290150199,38.590213507155404,119.02883215085775
weighted,-4.143580525798953,-17.463755019888076,-11.815928983783163,-8.106563513176992,65.9806697879105,45.30619991283599,-10513.398955465687
strict,0.2614914539298234,-3.6872604605310944,3.481909523015879,4.245075175900129,34.403753290943115,29.474162732544485,44.698027415139094
